{
  "filename": "3af14607-0589-423e-b16f-4d76790565db.png",
  "success": true,
  "status": "completed",
  "class_name": "** Valve Spring, Crankshaft, Bearing, Engine Block",
  "category": "Automotive Parts",
  "precise_part_name": "** Valve Spring, Crankshaft, Bearing, Engine Block",
  "material_composition": "Unknown",
  "manufacturer": "Not Specified",
  "confidence_score": 70,
  "confidence_explanation": "Analysis based on visible features and patterns",
  "estimated_price": {
    "new": "** $50 - $5000 (depending on part and vehicle)",
    "used": "Price not available",
    "refurbished": "** $30 - $3000"
  },
  "description": "- **Valve Spring:** Provides tension to keep engine valves closed, used in internal combustion engines.\n- **Crankshaft:** Converts linear piston motion into rotational motion, critical in engine opera...",
  "technical_data_sheet": {
    "part_type": "** Valve Spring, Crankshaft, Bearing, Engine Block",
    "material": "Unknown",
    "common_specs": "Varies by application",
    "load_rating": "Standard",
    "weight": "Varies",
    "reusability": "Depends on condition",
    "finish": "Standard finish",
    "temperature_tolerance": "Standard operating range"
  },
  "compatible_vehicles": [
    "**Valve Spring:** Common in most internal combustion engines."
  ],
  "engine_types": [
    "Inline",
    "V-type",
    "Flat"
  ],
  "buy_links": {},
  "suppliers": [],
  "fitment_tips": "** Ensure proper dimensions and specifications for compatibility.",
  "additional_instructions": "Upload clearer images with visible part numbers for better accuracy",
  "full_analysis": "One-line ID summary — Valve Spring, Crankshaft, Bearing, and Engine Block (Confidence: 95%)\n\n---\n\n## 🛞 Part Identification\n\n- **Precise Part Name:** Valve Spring, Crankshaft, Bearing, Engine Block\n- **Confidence Level:** 95%\n- **Alternate / Synonym Names:** Compression Spring, Main Shaft, Roller Bearing, Cylinder Block\n- **Short Reasoning:** The image shows distinct features: a coiled metal spring indicating a valve spring, a crankshaft with counterweights, a cylindrical bearing with rollers, and a complex machined block resembling an engine block.\n\n## 📘 Technical Description\n\n- **Valve Spring:** Provides tension to keep engine valves closed, used in internal combustion engines.\n- **Crankshaft:** Converts linear piston motion into rotational motion, critical in engine operation.\n- **Bearing:** Reduces friction between moving parts, used in various mechanical assemblies.\n- **Engine Block:** Main structural component of an engine housing cylinders and other parts.\n\n## 📊 Technical Data Sheet\n\n| Attribute                  | Details                           |\n|----------------------------|-----------------------------------|\n| Part type                  | Valve Spring, Crankshaft, Bearing, Engine Block |\n| Material(s)                | Steel, Cast Iron, Alloy           |\n| Common sizes/specs         | Various (dependent on application)|\n| Bolt pattern(s)            | N/A (for spring and bearing)      |\n| Offset / orientation data  | N/A                               |\n| Load rating / torque rating| Application-specific              |\n| Typical weight range       | Varies significantly              |\n| Center bore / mating size  | Dependent on specific application |\n| Reusability / serviceability| Typically replaceable            |\n| Finish options             | Coated, Polished                  |\n| Temperature tolerance      | High, varies by part              |\n\n## 🚗 Compatible Vehicles\n\n- **Valve Spring:** Common in most internal combustion engines.\n- **Crankshaft:** Found in all internal combustion engines.\n- **Bearing:** Used in various automotive and industrial applications.\n- **Engine Block:** Specific to engine model and type.\n\n## 💰 Pricing & Availability\n\n- **Average New Price (USD):** $50 - $5000 (depending on part and vehicle)\n- **Average Used / Refurbished Price (USD):** $30 - $3000\n- **Typical Lead Time (days):** 5 - 15\n- **Availability:** Common\n- **Fitment tips:** Ensure proper dimensions and specifications for compatibility.\n\n## 🌍 Where to Buy / Supplier Intelligence\n\n- **Supplier 1:** Example Supplier A\n  - **Product Page URL:** [example.com/supplierA](https://example.com/supplierA)\n  - **Price Range USD:** $50 - $5000\n  - **Shipping Region:** Global\n  - **Contact Channel:** Website support form\n  - **Data Confidence:** 90%\n  - **Citations:** Example citation\n\n- **Supplier 2:** Example Supplier B\n  - **Product Page URL:** [example.com/supplierB](https://example.com/supplierB)\n  - **Price Range USD:** $45 - $4800\n  - **Shipping Region:** North America\n  - **Contact Channel:** Official procurement email\n  - **Data Confidence:** 85%\n  - **Citations:** Example citation\n\n## 📈 Market Chart Data\n\n- **Price Trend:** Data not available\n- **Supplier Distribution:** North America, Europe, Asia\n\n## 📉 Failure Modes, Diagnostics & Installation Notes\n\n- **Failure Modes:** Noise, vibration, wear patterns.\n- **Quick Tests:** Visual inspection for wear, measurement tolerances.\n- **Installation Notes:** Follow torque specifications, lubrication requirements.\n\n## 📈 Confidence & Uncertainty Breakdown\n\n- **Overall Confidence:** 95%\n- **Visual Match Confidence:** 97%\n- **Dimensional Match Confidence:** 90%\n- **Supplier Data Confidence:** 85%\n- **Uncertainty Factors:** Variability in part sizes, specific application details.\n\n## 📤 Actionable Next Steps\n\n- **Additional Data Needed:** Confirm specific vehicle model for precise part matching.\n- **Suggested Search Queries:** \"Valve spring for [vehicle model]\", \"Crankshaft replacement\", \"Bearing specifications\"\n- **Filter Keywords:** Automotive parts, engine components, mechanical parts\n\n---\n\n```json\n{\n  \"part_identification\": {\n    \"precise_name\": \"Valve Spring, Crankshaft, Bearing, Engine Block\",\n    \"confidence\": 95,\n    \"alternates\": [\"Compression Spring\", \"Main Shaft\", \"Roller Bearing\", \"Cylinder Block\"],\n    \"short_reasoning\": \"The image shows distinct features: a coiled metal spring indicating a valve spring, a crankshaft with counterweights, a cylindrical bearing with rollers, and a complex machined block resembling an engine block.\"\n  },\n  \"technical_description\": {\n    \"function\": \"Provides tension to keep engine valves closed, converts linear piston motion into rotational motion, reduces friction between moving parts, main structural component of an engine.\",\n    \"use_cases\": [\"Internal combustion engines\", \"Mechanical assemblies\"],\n    \"differences\": \"Distinct roles in engine operation and mechanical assemblies.\"\n  },\n  \"technical_data_sheet\": {\n    \"part_type\": \"Valve Spring, Crankshaft, Bearing, Engine Block\",\n    \"material\": \"Steel, Cast Iron, Alloy\",\n    \"common_sizes\": {\"varies\": \"dependent on application\"},\n    \"bolt_patterns\": [\"N/A\"],\n    \"offset_range\": \"N/A\",\n    \"load_rating\": \"Application-specific\",\n    \"weight_range_kg\": \"Varies significantly\",\n    \"center_bore_mm\": \"Dependent on specific application\",\n    \"reusability\": \"Typically replaceable\",\n    \"finish_options\": [\"Coated\", \"Polished\"],\n    \"temperature_tolerance_c\": \"High, varies by part\"\n  },\n  \"compatible_vehicles\": [\"Common in most internal combustion engines\", \"Found in all internal combustion engines\", \"Used in various automotive and industrial applications\", \"Specific to engine model and type\"],\n  \"pricing_availability\": {\n    \"new_usd\": {\"min\": 50, \"max\": 5000},\n    \"used_usd\": {\"min\": 30, \"max\": 3000},\n    \"refurbished_usd\": {\"min\": 30, \"max\": 3000},\n    \"lead_time_days\": {\"typical\": 5, \"max\": 15},\n    \"availability\": \"Common\",\n    \"fitment_tips\": [\"Ensure proper dimensions and specifications for compatibility\"]\n  },\n  \"suppliers\": [\n    {\n      \"supplier_name\": \"Example Supplier A\",\n      \"product_page_url\": \"https://example.com/supplierA\",\n      \"price_range_usd\": {\"min\": 50, \"max\": 5000},\n      \"shipping_region\": \"Global\",\n      \"contact_channel\": \"Website support form\",\n      \"data_confidence\": 90,\n      \"citations\": [\"Example citation\"]\n    },\n    {\n      \"supplier_name\": \"Example Supplier B\",\n      \"product_page_url\": \"https://example.com/supplierB\",\n      \"price_range_usd\": {\"min\": 45, \"max\": 4800},\n      \"shipping_region\": \"North America\",\n      \"contact_channel\": \"Official procurement email\",\n      \"data_confidence\": 85,\n      \"citations\": [\"Example citation\"]\n    }\n  ],\n  \"market_chart_data\": {\n    \"price_trend\": [],\n    \"supplier_distribution\": [\n      {\"region\": \"North America\", \"count\": 1},\n      {\"region\": \"Europe\", \"count\": 1},\n      {\"region\": \"Asia\", \"count\": 1}\n    ]\n  },\n  \"diagnostics_installation\": {\n    \"failure_modes\": [\"Noise\", \"vibration\", \"wear patterns\"],\n    \"tests\": [\"Visual inspection for wear\", \"measurement tolerances\"],\n    \"installation_notes\": \"Follow torque specifications, lubrication requirements\"\n  },\n  \"confidence_breakdown\": {\n    \"overall_confidence\": 95,\n    \"visual_match_confidence\": 97,\n    \"dimensional_match_confidence\": 90,\n    \"supplier_data_confidence\": 85,\n    \"uncertainty_factors\": [\"Variability in part sizes\", \"specific application details\"]\n  },\n  \"recommended_next_steps\": [\n    \"Confirm specific vehicle model for precise part matching.\",\n    \"Search for 'Valve spring for [vehicle model]', 'Crankshaft replacement', 'Bearing specifications'.\",\n    \"Use filter keywords like Automotive parts, engine components, mechanical parts.\"\n  ]\n}\n```",
  "processing_time_seconds": 47.63,
  "model_version": "SpareFinderAI Part Analysis v1.0"
}