{
  "success": false,
  "status": "failed",
  "error": "Analysis could not be completed",
  "class_name": "Analysis Failed",
  "category": "Error",
  "precise_part_name": "Analysis Failed",
  "material_composition": "Unknown",
  "manufacturer": "Unknown",
  "confidence_score": 0,
  "confidence_explanation": "Analysis could not be completed",
  "estimated_price": {
    "new": "Not available",
    "used": "Not available",
    "refurbished": "Not available"
  },
  "description": "Analysis could not be completed",
  "technical_data_sheet": {
    "part_type": "Unknown",
    "material": "Unknown",
    "common_specs": "Not available",
    "load_rating": "Unknown",
    "weight": "Unknown",
    "reusability": "Unknown",
    "finish": "Unknown",
    "temperature_tolerance": "Unknown"
  },
  "compatible_vehicles": [],
  "engine_types": [],
  "buy_links": {},
  "suppliers": [],
  "fitment_tips": "Retry with a clearer image",
  "additional_instructions": "Please upload a high-quality image and try again",
  "full_analysis": "",
  "processing_time_seconds": 0,
  "filename": "5426a506-ebf4-437e-95a7-292a5229f240.jpeg"
}