{
  "success": true,
  "status": "completed",
  "filename": "8a68ef5d-fe53-45b7-af9c-3b3000d35179",
  "mode": "keywords_only",
  "results": [
    {
      "name": "Alternator Assembly",
      "category": "Electrical",
      "manufacturer": "Denso",
      "price": 250.0,
      "availability": "In Stock",
      "part_number": "31100-RNA-A01"
    },
    {
      "name": "High Output Alternator",
      "category": "Electrical",
      "manufacturer": "Bosch",
      "price": 320.0,
      "availability": "Limited Stock",
      "part_number": "AL0821X"
    },
    {
      "name": "Remanufactured Alternator",
      "category": "Electrical",
      "manufacturer": "ACDelco",
      "price": 180.0,
      "availability": "In Stock",
      "part_number": "334-2114"
    },
    {
      "name": "Performance Alternator",
      "category": "Electrical",
      "manufacturer": "Honda Genuine Parts",
      "price": 400.0,
      "availability": "Pre-Order",
      "part_number": "06311-RNA-505RM"
    }
  ],
  "markdown": "",
  "query": {
    "keywords": [
      "alternator",
      "honda"
    ]
  }
}