{
  "success": true,
  "status": "completed",
  "filename": "93056574-7083-499e-a740-5282cf89ff82",
  "mode": "keywords_only",
  "results": [
    {
      "name": "Alternator Assembly",
      "category": "Electrical System",
      "manufacturer": "Denso",
      "price": 150.0,
      "availability": "In Stock",
      "part_number": "210-0756"
    },
    {
      "name": "High Output Alternator",
      "category": "Electrical System",
      "manufacturer": "Bosch",
      "price": 200.0,
      "availability": "Limited Stock",
      "part_number": "AL0820X"
    },
    {
      "name": "Remanufactured Alternator",
      "category": "Electrical System",
      "manufacturer": "ACDelco",
      "price": 120.0,
      "availability": "In Stock",
      "part_number": "334-2114"
    },
    {
      "name": "Performance Alternator",
      "category": "Electrical System",
      "manufacturer": "Powermaster",
      "price": 250.0,
      "availability": "Out of Stock",
      "part_number": "48237"
    }
  ],
  "markdown": "Here are some alternator options for Honda vehicles. Prices and availability may vary.",
  "query": {
    "keywords": [
      "alternator",
      "honda"
    ]
  }
}