{
  "success": true,
  "status": "completed",
  "filename": "95df82a0-3213-41c1-9f56-e39104b1b8e1",
  "mode": "keywords_only",
  "results": [
    {
      "name": "Toyota Genuine Brake Pad Set",
      "category": "Brake System",
      "manufacturer": "Toyota",
      "price": 89.99,
      "availability": "In Stock",
      "part_number": "04465-0E010"
    },
    {
      "name": "Bosch QuietCast Premium Disc Brake Pad Set",
      "category": "Brake System",
      "manufacturer": "Bosch",
      "price": 54.99,
      "availability": "In Stock",
      "part_number": "BC905"
    },
    {
      "name": "Akebono ProACT Ultra-Premium Ceramic Brake Pad Set",
      "category": "Brake System",
      "manufacturer": "Akebono",
      "price": 67.49,
      "availability": "Limited Stock",
      "part_number": "ACT905"
    },
    {
      "name": "Wagner ThermoQuiet Ceramic Disc Brake Pad Set",
      "category": "Brake System",
      "manufacturer": "Wagner",
      "price": 49.99,
      "availability": "In Stock",
      "part_number": "QC905"
    }
  ],
  "markdown": "",
  "query": {
    "keywords": [
      "brake pad",
      "toyota"
    ]
  }
}